{
  "project_info": {
    "project_number": "309952689430",
    "project_id": "pearlpro-d5fb8",
    "storage_bucket": "pearlpro-d5fb8.appspot.com"
  },
  "client": [
    {
      "client_info": {
        "mobilesdk_app_id": "1:309952689430:android:8f36328ee0f5830be9cc37",
        "android_client_info": {
          "package_name": "com.pearl.pearlproject"
        }
      },
      "oauth_client": [
        {
          "client_id": "309952689430-6671qkv1v3vk3d6ogf9oj7unmhsf3tg3.apps.googleusercontent.com",
          "client_type": 1,
          "android_info": {
            "package_name": "com.pearl.pearlproject",
            "certificate_hash": "21cb44513563b8e8f0050567604cf4147d9a1a79"
          }
        },
        {
          "client_id": "309952689430-6penb1snsanuqn2r6ei98d28lh28pk1e.apps.googleusercontent.com",
          "client_type": 3
        }
      ],
      "api_key": [
        {
          "current_key": "AIzaSyAa0dOqlbK5GMbONobFFc6r1tH11GXyck4"
        }
      ],
      "services": {
        "appinvite_service": {
          "other_platform_oauth_client": [
            {
              "client_id": "309952689430-6penb1snsanuqn2r6ei98d28lh28pk1e.apps.googleusercontent.com",
              "client_type": 3
            },
            {
              "client_id": "309952689430-igrq8r61mtegcjmf3nqig484dncp3885.apps.googleusercontent.com",
              "client_type": 2,
              "ios_info": {
                "bundle_id": "com.example.pearl.RunnerTests"
              }
            }
          ]
        }
      }
    }
  ],
  "configuration_version": "1"
}