
{
  
    "provider": "google_pay",
    "data": {
      "environment": "PRODUCTION",
      "apiVersion": 2,
      "apiVersionMinor": 0,
      "allowedPaymentMethods": [{
        "type": "CARD",
       
        "parameters": {
          "allowedCardNetworks": ["VISA", "MASTERCARD"],
          "allowedAuthMethods": ["PAN_ONLY", "CRYPTOGRAM_3DS"],
          "billingAddressRequired": true,
          "billingAddressParameters": {
            "format": "FULL",
            "phoneNumberRequired": true
          }
        }
      }],
      "merchantInfo": {
        "merchantId": "BCR2DN4TXX35TSSY",
        "merchantName": "Hiigsikaal Platform"
      },
      "transactionInfo": {
        "countryCode": "SO",
        "currencyCode": "USD"
      }
    }
  }